id|cvss|cvss3|summary|Published|last-modified|entity|product|comment|treated
CVE-2021-42282|6.5|8.8|Active Directory Domain Services Elevation of Privilege Vulnerability This CVE ID is unique from CVE-2021-42278, CVE-2021-42287, CVE-2021-42291.|Wed, 10 Nov 2021 01:19:00 GMT|Sat, 13 Nov 2021 04:40:00 GMT|entity1|cpe:2.3:o:microsoft:windows_server_2012:r2||False
CVE-2021-41378|6.5|8.8|Windows NTFS Remote Code Execution Vulnerability|Wed, 10 Nov 2021 01:19:00 GMT|Fri, 12 Nov 2021 20:33:00 GMT|entity1|cpe:2.3:o:microsoft:windows_server_2016||False
CVE-2021-42275|6.5|8.8|Microsoft COM for Windows Remote Code Execution Vulnerability|Wed, 10 Nov 2021 01:19:00 GMT|Fri, 12 Nov 2021 20:07:00 GMT|entity1|cpe:2.3:o:microsoft:windows_server_2012:r2||False
CVE-2021-42278|6.5|8.8|Active Directory Domain Services Elevation of Privilege Vulnerability This CVE ID is unique from CVE-2021-42282, CVE-2021-42287, CVE-2021-42291.|Wed, 10 Nov 2021 01:19:00 GMT|Fri, 12 Nov 2021 19:01:00 GMT|entity1|cpe:2.3:o:microsoft:windows_server_2012:r2||False
CVE-2021-42287|6.5|8.8|Active Directory Domain Services Elevation of Privilege Vulnerability This CVE ID is unique from CVE-2021-42278, CVE-2021-42282, CVE-2021-42291.|Wed, 10 Nov 2021 01:19:00 GMT|Sat, 13 Nov 2021 04:48:00 GMT|entity1|cpe:2.3:o:microsoft:windows_server_2012:r2||False
CVE-2021-42291|6.5|8.8|Active Directory Domain Services Elevation of Privilege Vulnerability This CVE ID is unique from CVE-2021-42278, CVE-2021-42282, CVE-2021-42287.|Wed, 10 Nov 2021 01:19:00 GMT|Sat, 13 Nov 2021 04:48:00 GMT|entity1|cpe:2.3:o:microsoft:windows_server_2016||False
CVE-2021-42321|6.5|8.8|Microsoft Exchange Server Remote Code Execution Vulnerability|Wed, 10 Nov 2021 01:19:00 GMT|Wed, 10 Nov 2021 18:25:00 GMT|entity1|cpe:2.3:a:microsoft:exchange_server||False
CVE-2021-42321|6.5|8.8|Microsoft Exchange Server Remote Code Execution Vulnerability|Wed, 10 Nov 2021 01:19:00 GMT|Wed, 10 Nov 2021 18:25:00 GMT|entity1|cpe:2.3:a:microsoft:exchange_server||False
CVE-2021-38666|6.8|8.8|Remote Desktop Client Remote Code Execution Vulnerability|Wed, 10 Nov 2021 01:18:00 GMT|Wed, 10 Nov 2021 16:38:00 GMT|entity1|cpe:2.3:o:microsoft:windows_server_2012:r2||False
CVE-2021-26443|7.7|9|Microsoft Virtual Machine Bus (VMBus) Remote Code Execution Vulnerability|Wed, 10 Nov 2021 01:16:00 GMT|Wed, 10 Nov 2021 16:01:00 GMT|entity1|cpe:2.3:o:microsoft:windows_server_2016||False
CVE-2021-35617|7.5|9.8|Vulnerability in the Oracle WebLogic Server product of Oracle Fusion Middleware (component: Coherence Container). Supported versions that are affected are 12.1.3.0.0, 12.2.1.3.0, 12.2.1.4.0 and 14.1.1.0.0. Easily exploitable vulnerability allows unauthenticated attacker with network access via IIOP to compromise Oracle WebLogic Server. Successful attacks of this vulnerability can result in takeover of Oracle WebLogic Server. CVSS 3.1 Base Score 9.8 (Confidentiality, Integrity and Availability impacts). CVSS Vector: (CVSS:3.1/AV:N/AC:L/PR:N/UI:N/S:U/C:H/I:H/A:H).|Wed, 20 Oct 2021 11:17:00 GMT|Tue, 26 Oct 2021 00:21:00 GMT|entity1|cpe:2.3:a:oracle:weblogic_server||False
CVE-2021-3057|9.3|8.1|A stack-based buffer overflow vulnerability exists in the Palo Alto Networks GlobalProtect app that enables a man-in-the-middle attacker to disrupt system processes and potentially execute arbitrary code with SYSTEM privileges. This issue impacts: GlobalProtect app 5.1 versions earlier than GlobalProtect app 5.1.9 on Windows; GlobalProtect app 5.2 versions earlier than GlobalProtect app 5.2.8 on Windows; GlobalProtect app 5.2 versions earlier than GlobalProtect app 5.2.8 on the Universal Windows Platform; GlobalProtect app 5.3 versions earlier than GlobalProtect app 5.3.1 on Linux.|Wed, 13 Oct 2021 16:15:00 GMT|Wed, 20 Oct 2021 19:27:00 GMT|entity1|cpe:2.3:a:paloaltonetworks||False
CVE-2021-26427|5.8|9.6|Microsoft Exchange Server Remote Code Execution Vulnerability|Wed, 13 Oct 2021 01:15:00 GMT|Tue, 19 Oct 2021 23:09:00 GMT|entity1|cpe:2.3:a:microsoft:exchange_server||False
CVE-2021-40461|5.2|9|Windows Hyper-V Remote Code Execution Vulnerability This CVE ID is unique from CVE-2021-38672.|Wed, 13 Oct 2021 01:15:00 GMT|Tue, 19 Oct 2021 16:11:00 GMT|entity1|cpe:2.3:o:microsoft:windows_server_2019||False
CVE-2021-41342|6.8|8.8|Windows MSHTML Platform Remote Code Execution Vulnerability|Wed, 13 Oct 2021 01:15:00 GMT|Tue, 19 Oct 2021 17:19:00 GMT|entity1|cpe:2.3:o:microsoft:windows_server_2012:r2||False
CVE-2021-3653|6.1|8.8|"A flaw was found in the KVM's AMD code for supporting SVM nested virtualization. The flaw occurs when processing the VMCB (virtual machine control block) provided by the L1 guest to spawn/handle a nested guest (L2). Due to improper validation of the ""int_ctl"" field, this issue could allow a malicious L1 to enable AVIC support (Advanced Virtual Interrupt Controller) for the L2 guest. As a result, the L2 guest would be allowed to read/write physical pages of the host, resulting in a crash of the entire system, leak of sensitive data or potential guest-to-host escape. This flaw affects Linux kernel versions prior to 5.14-rc7."|Wed, 29 Sep 2021 20:15:00 GMT|Sat, 16 Oct 2021 01:15:00 GMT|entity1|cpe:2.3:o:redhat:enterprise_linux||False
CVE-2021-22005|7.5|9.8|The vCenter Server contains an arbitrary file upload vulnerability in the Analytics service. A malicious actor with network access to port 443 on vCenter Server may exploit this issue to execute code on vCenter Server by uploading a specially crafted file.|Thu, 23 Sep 2021 12:15:00 GMT|Mon, 27 Sep 2021 18:31:00 GMT|entity1|cpe:2.3:a:vmware:vcenter_server||False
CVE-2021-22005|7.5|9.8|The vCenter Server contains an arbitrary file upload vulnerability in the Analytics service. A malicious actor with network access to port 443 on vCenter Server may exploit this issue to execute code on vCenter Server by uploading a specially crafted file.|Thu, 23 Sep 2021 12:15:00 GMT|Thu, 07 Oct 2021 16:15:00 GMT|entity1|cpe:2.3:a:vmware:vcenter_server||False
CVE-2021-36967|5.8|8.8|Windows WLAN AutoConfig Service Elevation of Privilege Vulnerability|Wed, 15 Sep 2021 12:15:00 GMT|Sun, 26 Sep 2021 21:17:00 GMT|entity1|cpe:2.3:o:microsoft:windows_server_2016||False
CVE-2021-36965|7.5|9.8|Windows WLAN AutoConfig Service Remote Code Execution Vulnerability|Wed, 15 Sep 2021 12:15:00 GMT|Sat, 25 Sep 2021 11:27:00 GMT|entity1|cpe:2.3:o:microsoft:windows_server_2016||False
CVE-2021-23029|6.5|8.8|On version 16.0.x before 16.0.1.2, insufficient permission checks may allow authenticated users with guest privileges to perform Server-Side Request Forgery (SSRF) attacks through F5 Advanced Web Application Firewall (WAF) and the BIG-IP ASM Configuration utility. Note: Software versions which have reached End of Technical Support (EoTS) are not evaluated.|Tue, 14 Sep 2021 23:15:00 GMT|Mon, 27 Sep 2021 16:50:00 GMT|entity1|cpe:2.3:a:f5:big-ip||False
CVE-2021-23026|6.8|8.8|BIG-IP version 16.0.x before 16.0.1.2, 15.1.x before 15.1.3, 14.1.x before 14.1.4.2, 13.1.x before 13.1.4.1, and all versions of 12.1.x and 11.6.x and all versions of BIG-IQ 8.x, 7.x, and 6.x are vulnerable to cross-site request forgery (CSRF) attacks through iControl SOAP. Note: Software versions which have reached End of Technical Support (EoTS) are not evaluated.|Tue, 14 Sep 2021 22:15:00 GMT|Wed, 29 Sep 2021 19:21:00 GMT|entity1|cpe:2.3:a:f5:big-ip||False
CVE-2021-23025|6.5|8.8|On version 15.1.x before 15.1.0.5, 14.1.x before 14.1.3.1, 13.1.x before 13.1.3.5, and all versions of 12.1.x and 11.6.x, an authenticated remote command execution vulnerability exists in the BIG-IP Configuration utility. Note: Software versions which have reached End of Technical Support (EoTS) are not evaluated.|Tue, 14 Sep 2021 21:15:00 GMT|Mon, 27 Sep 2021 11:15:00 GMT|entity1|cpe:2.3:a:f5:big-ip||False
CVE-2021-23031|6.5|9.9|On version 16.0.x before 16.0.1.2, 15.1.x before 15.1.3, 14.1.x before 14.1.4.1, 13.1.x before 13.1.4, 12.1.x before 12.1.6, and 11.6.x before 11.6.5.3, an authenticated user may perform a privilege escalation on the BIG-IP Advanced WAF and ASM Configuration utility. Note: Software versions which have reached End of Technical Support (EoTS) are not evaluated.|Tue, 14 Sep 2021 19:15:00 GMT|Thu, 30 Sep 2021 14:42:00 GMT|entity1|cpe:2.3:a:f5:big-ip||False
CVE-2021-23037|4.3|9.6|On all versions of 16.1.x, 16.0.x, 15.1.x, 14.1.x, 13.1.x, 12.1.x, and 11.6.x, a reflected cross-site scripting (XSS) vulnerability exists in an undisclosed page of the BIG-IP Configuration utility that allows an attacker to execute JavaScript in the context of the currently logged-in user. Note: Software versions which have reached End of Technical Support (EoTS) are not evaluated.|Tue, 14 Sep 2021 18:15:00 GMT|Mon, 27 Sep 2021 14:22:00 GMT|entity1|cpe:2.3:a:f5:big-ip||False
CVE-2021-23038|3.5|9|On version 16.0.x before 16.0.1.2, 15.1.x before 15.1.3.1, 14.1.x before 14.1.4.2, 13.1.x before 13.1.4.1, and all versions of 12.1.x, a stored cross-site scripting (XSS) vulnerability exists in an undisclosed page of the BIG-IP Configuration utility that allows an attacker to execute JavaScript in the context of the currently logged-in user. Note: Software versions which have reached End of Technical Support (EoTS) are not evaluated.|Tue, 14 Sep 2021 18:15:00 GMT|Mon, 27 Sep 2021 15:43:00 GMT|entity1|cpe:2.3:a:f5:big-ip||False
CVE-2021-23040|6.5|8.8|On BIG-IP AFM version 16.0.x before 16.0.1.2, 15.1.x before 15.1.3, 14.1.x before 14.1.4.2, 13.1.x before 13.1.4.1, and all versions of 12.1.x, a SQL injection vulnerability exists in an undisclosed page of the BIG-IP Configuration utility. This issue is exposed only when BIG-IP AFM is provisioned. Note: Software versions which have reached End of Technical Support (EoTS) are not evaluated.|Tue, 14 Sep 2021 15:15:00 GMT|Fri, 24 Sep 2021 18:32:00 GMT|entity1|cpe:2.3:a:f5:big-ip||False
CVE-2021-3051|6.8|8.1|An improper verification of cryptographic signature vulnerability exists in Cortex XSOAR SAML authentication that enables an unauthenticated network-based attacker with specific knowledge of the Cortex XSOAR instance to access protected resources and perform unauthorized actions on the Cortex XSOAR server. This issue impacts: Cortex XSOAR 5.5.0 builds earlier than 1578677; Cortex XSOAR 6.0.2 builds earlier than 1576452; Cortex XSOAR 6.1.0 builds earlier than 1578663; Cortex XSOAR 6.2.0 builds earlier than 1578666. All Cortex XSOAR instances hosted by Palo Alto Networks are protected from this vulnerability; no additional action is required for these instances.|Wed, 08 Sep 2021 17:15:00 GMT|Fri, 17 Sep 2021 14:47:00 GMT|entity1|cpe:2.3:a:paloaltonetworks||False
CVE-2021-40153|5.8|8.1|squashfs_opendir in unsquash-1.c in Squashfs-Tools 4.5 stores the filename in the directory entry; this is then used by unsquashfs to create the new file during the unsquash. The filename is not validated for traversal outside of the destination directory, and thus allows writing to locations outside of the destination.|Fri, 27 Aug 2021 15:15:00 GMT|Thu, 07 Oct 2021 17:48:00 GMT|entity1|cpe:2.3:o:redhat:enterprise_linux||False
CVE-2021-3711|7.5|9.8|"In order to decrypt SM2 encrypted data an application is expected to call the API function EVP_PKEY_decrypt(). Typically an application will call this function twice. The first time, on entry, the ""out"" parameter can be NULL and, on exit, the ""outlen"" parameter is populated with the buffer size required to hold the decrypted plaintext. The application can then allocate a sufficiently sized buffer and call EVP_PKEY_decrypt() again, but this time passing a non-NULL value for the ""out"" parameter. A bug in the implementation of the SM2 decryption code means that the calculation of the buffer size required to hold the plaintext returned by the first call to EVP_PKEY_decrypt() can be smaller than the actual size required by the second call. This can lead to a buffer overflow when EVP_PKEY_decrypt() is called by the application a second time with a buffer that is too small. A malicious attacker who is able present SM2 content for decryption to an application could cause attacker chosen data to overflow the buffer by up to a maximum of 62 bytes altering the contents of other data held after the buffer, possibly changing application behaviour or causing the application to crash. The location of the buffer is application dependent but is typically heap allocated. Fixed in OpenSSL 1.1.1l (Affected 1.1.1-1.1.1k)."|Tue, 24 Aug 2021 15:15:00 GMT|Fri, 22 Oct 2021 18:15:00 GMT|entity1|cpe:2.3:a:openssl:openssl||False
CVE-2021-26432|7.5|9.8|Windows Services for NFS ONCRPC XDR Driver Remote Code Execution Vulnerability|Thu, 12 Aug 2021 18:15:00 GMT|Mon, 23 Aug 2021 11:59:00 GMT|entity1|cpe:2.3:o:microsoft:windows_server_2012:r2||False
CVE-2021-34480|6.8|8.8|Scripting Engine Memory Corruption Vulnerability|Thu, 12 Aug 2021 18:15:00 GMT|Thu, 16 Sep 2021 13:10:00 GMT|entity1|cpe:2.3:o:microsoft:windows_server_2012:r2||False
CVE-2021-34535|6.8|8.8|Remote Desktop Client Remote Code Execution Vulnerability|Thu, 12 Aug 2021 18:15:00 GMT|Mon, 23 Aug 2021 20:57:00 GMT|entity1|cpe:2.3:o:microsoft:windows_server_2012:r2||False
CVE-2021-26424|6.8|9.8|Windows TCP/IP Remote Code Execution Vulnerability|Thu, 12 Aug 2021 18:15:00 GMT|Fri, 20 Aug 2021 13:45:00 GMT|entity1|cpe:2.3:o:microsoft:windows_server_2012:r2||False
CVE-2021-36947|6.5|8.8|Windows Print Spooler Remote Code Execution Vulnerability This CVE ID is unique from CVE-2021-36936, CVE-2021-36958.|Thu, 12 Aug 2021 18:15:00 GMT|Fri, 20 Aug 2021 18:58:00 GMT|entity1|cpe:2.3:o:microsoft:windows_server_2012:r2||False
CVE-2021-36936|7.5|9.8|Windows Print Spooler Remote Code Execution Vulnerability This CVE ID is unique from CVE-2021-36947, CVE-2021-36958.|Thu, 12 Aug 2021 18:15:00 GMT|Fri, 20 Aug 2021 19:04:00 GMT|entity1|cpe:2.3:o:microsoft:windows_server_2012:r2||False
CVE-2021-20314|7.5|9.8|Stack buffer overflow in libspf2 versions below 1.2.11 when processing certain SPF macros can lead to Denial of service and potentially code execution via malicious crafted SPF explanation messages.|Thu, 12 Aug 2021 15:15:00 GMT|Thu, 30 Sep 2021 03:15:00 GMT|entity1|cpe:2.3:o:redhat:enterprise_linux||False
CVE-2021-3682|6|8.5|A flaw was found in the USB redirector device emulation of QEMU in versions prior to 6.1.0-rc2. It occurs when dropping packets during a bulk transfer from a SPICE client due to the packet queue being full. A malicious SPICE client could use this flaw to make QEMU call free() with faked heap chunk metadata, resulting in a crash of QEMU or potential code execution with the privileges of the QEMU process on the host.|Thu, 05 Aug 2021 20:15:00 GMT|Mon, 18 Oct 2021 12:20:00 GMT|entity1|cpe:2.3:o:redhat:enterprise_linux||False
CVE-2021-2394|10|9.8|Vulnerability in the Oracle WebLogic Server product of Oracle Fusion Middleware (component: Core). Supported versions that are affected are 10.3.6.0.0, 12.1.3.0.0, 12.2.1.3.0, 12.2.1.4.0 and 14.1.1.0.0. Easily exploitable vulnerability allows unauthenticated attacker with network access via T3, IIOP to compromise Oracle WebLogic Server. Successful attacks of this vulnerability can result in takeover of Oracle WebLogic Server. CVSS 3.1 Base Score 9.8 (Confidentiality, Integrity and Availability impacts). CVSS Vector: (CVSS:3.1/AV:N/AC:L/PR:N/UI:N/S:U/C:H/I:H/A:H).|Wed, 21 Jul 2021 15:15:00 GMT|Mon, 26 Jul 2021 15:31:00 GMT|entity1|cpe:2.3:a:oracle:weblogic_server||False
CVE-2021-2382|7.5|9.8|Vulnerability in the Oracle WebLogic Server product of Oracle Fusion Middleware (component: Security). Supported versions that are affected are 10.3.6.0.0, 12.1.3.0.0, 12.2.1.3.0, 12.2.1.4.0 and 14.1.1.0.0. Easily exploitable vulnerability allows unauthenticated attacker with network access via T3, IIOP to compromise Oracle WebLogic Server. Successful attacks of this vulnerability can result in takeover of Oracle WebLogic Server. CVSS 3.1 Base Score 9.8 (Confidentiality, Integrity and Availability impacts). CVSS Vector: (CVSS:3.1/AV:N/AC:L/PR:N/UI:N/S:U/C:H/I:H/A:H).|Wed, 21 Jul 2021 15:15:00 GMT|Fri, 23 Jul 2021 20:26:00 GMT|entity1|cpe:2.3:a:oracle:weblogic_server||False
CVE-2021-2397|7.5|9.8|Vulnerability in the Oracle WebLogic Server product of Oracle Fusion Middleware (component: Core). Supported versions that are affected are 10.3.6.0.0, 12.1.3.0.0, 12.2.1.3.0, 12.2.1.4.0 and 14.1.1.0.0. Easily exploitable vulnerability allows unauthenticated attacker with network access via T3, IIOP to compromise Oracle WebLogic Server. Successful attacks of this vulnerability can result in takeover of Oracle WebLogic Server. CVSS 3.1 Base Score 9.8 (Confidentiality, Integrity and Availability impacts). CVSS Vector: (CVSS:3.1/AV:N/AC:L/PR:N/UI:N/S:U/C:H/I:H/A:H).|Wed, 21 Jul 2021 15:15:00 GMT|Fri, 23 Jul 2021 15:57:00 GMT|entity1|cpe:2.3:a:oracle:weblogic_server||False
CVE-2021-34446|6.8|8.8|Windows HTML Platforms Security Feature Bypass Vulnerability|Fri, 16 Jul 2021 21:15:00 GMT|Thu, 22 Jul 2021 15:06:00 GMT|entity1|cpe:2.3:o:microsoft:windows_server_2012:r2||False
CVE-2021-34458|9|9.9|Windows Kernel Remote Code Execution Vulnerability This CVE ID is unique from CVE-2021-34508.|Fri, 16 Jul 2021 21:15:00 GMT|Thu, 22 Jul 2021 17:06:00 GMT|entity1|cpe:2.3:o:microsoft:windows_server_2016||False
CVE-2021-34450|9|9.9|Windows Hyper-V Remote Code Execution Vulnerability|Fri, 16 Jul 2021 21:15:00 GMT|Thu, 22 Jul 2021 16:54:00 GMT|entity1|cpe:2.3:o:microsoft:windows_server_2016||False
CVE-2021-34448|9.3|8.8|Scripting Engine Memory Corruption Vulnerability|Fri, 16 Jul 2021 21:15:00 GMT|Thu, 22 Jul 2021 17:06:00 GMT|entity1|cpe:2.3:o:microsoft:windows_server_2012:r2||False
CVE-2021-34447|6.8|8.8|Windows MSHTML Platform Remote Code Execution Vulnerability This CVE ID is unique from CVE-2021-34497.|Fri, 16 Jul 2021 21:15:00 GMT|Thu, 22 Jul 2021 15:07:00 GMT|entity1|cpe:2.3:o:microsoft:windows_server_2012:r2||False
CVE-2021-33786|6.5|8.8|Windows LSA Security Feature Bypass Vulnerability|Wed, 14 Jul 2021 18:15:00 GMT|Mon, 19 Jul 2021 16:17:00 GMT|entity1|cpe:2.3:o:microsoft:windows_server_2012:r2||False
CVE-2021-34525|6.5|8.8|Windows DNS Server Remote Code Execution Vulnerability This CVE ID is unique from CVE-2021-33746, CVE-2021-33754, CVE-2021-33780, CVE-2021-34494.|Wed, 14 Jul 2021 18:15:00 GMT|Thu, 22 Jul 2021 14:39:00 GMT|entity1|cpe:2.3:o:microsoft:windows_server_2012:r2||False
CVE-2021-34523|7.5|9.8|Microsoft Exchange Server Elevation of Privilege Vulnerability This CVE ID is unique from CVE-2021-33768, CVE-2021-34470.|Wed, 14 Jul 2021 18:15:00 GMT|Tue, 21 Sep 2021 17:34:00 GMT|entity1|cpe:2.3:a:microsoft:exchange_server||False
CVE-2021-34508|6.5|8.8|Windows Kernel Remote Code Execution Vulnerability This CVE ID is unique from CVE-2021-34458.|Wed, 14 Jul 2021 18:15:00 GMT|Mon, 19 Jul 2021 18:05:00 GMT|entity1|cpe:2.3:o:microsoft:windows_server_2016||False
